Date,Daily_HH,Daily_HH_NO
4/2/2012,1.88,1.88
4/3/2012,1.94,1.94
4/4/2012,2.06,2.06
4/5/2012,1.98,1.98
4/9/2012,1.99,1.99
4/10/2012,1.99,1.99
4/11/2012,1.91,1.91
4/12/2012,1.87,1.87
4/13/2012,1.87,1.87
4/16/2012,1.88,1.88
4/17/2012,1.89,1.89
4/18/2012,1.87,1.87
4/19/2012,1.85,1.85
4/20/2012,1.82,1.82
4/23/2012,1.89,1.89
4/24/2012,1.97,1.97
4/25/2012,1.99,1.99
4/26/2012,2.1,2.1
4/27/2012,2.05,2.05
4/30/2012,2.1,2.1
5/1/2012,2.29,2.29
5/2/2012,2.31,2.31
5/3/2012,2.29,2.29
5/4/2012,2.3,2.3
5/7/2012,2.3,2.3
5/8/2012,2.27,2.27
5/9/2012,2.36,2.36
5/10/2012,2.36,2.36
5/11/2012,2.37,2.37
5/14/2012,2.41,2.41
5/15/2012,2.38,2.38
5/16/2012,2.5,2.5
5/17/2012,2.6,2.6
5/18/2012,2.56,2.56
5/21/2012,2.6,2.6
5/22/2012,2.55,2.55
5/23/2012,2.6,2.6
5/24/2012,2.66,2.66
5/25/2012,2.56,2.56
5/29/2012,2.5,2.5
5/30/2012,2.39,2.39
5/31/2012,2.34,2.34
6/1/2012,2.24,2.24
6/4/2012,2.32,2.32
6/5/2012,2.39,2.39
6/6/2012,2.41,2.41
6/7/2012,2.33,2.33
6/8/2012,2.22,2.22
6/11/2012,2.22,2.22
6/12/2012,2.17,2.17
6/13/2012,2.18,2.18
6/14/2012,2.2,2.2
6/15/2012,2.44,2.44
6/18/2012,2.45,2.45
6/19/2012,2.59,2.59
6/20/2012,2.6,2.6
6/21/2012,2.48,2.48
6/22/2012,2.5,2.5
6/25/2012,2.7,2.7
6/26/2012,2.7,2.7
6/27/2012,2.87,2.87
6/28/2012,2.81,2.81
6/29/2012,2.74,2.74
7/2/2012,2.73,2.73
7/3/2012,2.78,2.78
7/5/2012,2.9,2.9
7/6/2012,2.94,2.94
7/9/2012,2.79,2.79
7/10/2012,2.87,2.87
7/11/2012,2.72,2.72
7/12/2012,2.83,2.83
7/13/2012,2.88,2.88
7/16/2012,2.92,2.92
7/17/2012,2.83,2.83
7/18/2012,2.84,2.84
7/19/2012,2.99,2.99
7/20/2012,3.03,3.03
7/23/2012,3.05,3.05
7/24/2012,3.16,3.16
7/25/2012,3.19,3.19
7/26/2012,3.13,3.13
7/27/2012,3.1,3.1
7/30/2012,3.14,3.14
7/31/2012,3.2,3.2
8/1/2012,3.2,3.2
8/2/2012,3.16,3.16
8/3/2012,2.91,2.91
8/6/2012,2.9,2.9
8/7/2012,2.99,2.99
8/8/2012,2.97,2.97
8/9/2012,2.89,2.89
8/10/2012,2.84,2.84
8/13/2012,2.77,2.77
8/14/2012,2.79,2.79
8/15/2012,2.82,2.82
8/16/2012,2.78,2.78
8/17/2012,2.7,2.7
8/20/2012,2.75,2.75
8/21/2012,2.8,2.8
8/22/2012,2.8,2.8
8/23/2012,2.81,2.81
8/24/2012,2.81,2.81
8/27/2012,2.8,2.8
8/28/2012,2.71,2.71
8/29/2012,2.64,2.64
8/30/2012,2.72,2.72
8/31/2012,2.72,2.72
9/4/2012,2.81,2.81
9/5/2012,2.87,2.87
9/6/2012,2.85,2.85
9/7/2012,2.73,2.73
9/10/2012,2.66,2.66
9/11/2012,2.82,2.82
9/12/2012,2.96,2.96
9/13/2012,3.01,3.01
9/14/2012,2.94,2.94
9/17/2012,2.83,2.83
9/18/2012,2.74,2.74
9/19/2012,2.7,2.7
9/20/2012,2.76,2.76
9/21/2012,2.76,2.76
9/24/2012,2.82,2.82
9/25/2012,2.84,2.84
9/26/2012,2.92,2.92
9/27/2012,3.01,3.01
9/28/2012,3.08,3.08
10/1/2012,3.19,3.19
10/2/2012,3.21,3.21
10/3/2012,3.21,3.21
10/4/2012,3.23,3.23
10/5/2012,3.26,3.26
10/8/2012,3.18,3.18
10/9/2012,3.18,3.18
10/10/2012,3.26,3.26
10/11/2012,3.28,3.28
10/12/2012,3.38,3.38
10/15/2012,3.35,3.35
10/16/2012,3.27,3.27
10/17/2012,3.24,3.24
10/18/2012,3.28,3.28
10/19/2012,3.43,3.43
10/22/2012,3.49,3.49
10/23/2012,3.34,3.34
10/24/2012,3.43,3.43
10/25/2012,3.39,3.39
10/26/2012,3.38,3.38
10/29/2012,3.4,3.4
10/30/2012,3.42,3.42
10/31/2012,3.5,3.5
11/1/2012,3.5,3.5
11/2/2012,3.4,3.4
11/5/2012,3.34,3.34
11/6/2012,3.41,3.41
11/7/2012,3.47,3.47
11/8/2012,3.45,3.45
11/9/2012,3.33,3.33
11/12/2012,3.4,3.4
11/13/2012,3.57,3.57
11/14/2012,3.66,3.66
11/15/2012,3.63,3.63
11/16/2012,3.46,3.46
11/19/2012,3.63,3.63
11/20/2012,3.62,3.62
11/21/2012,3.59,3.59
11/23/2012,3.59,3.59
11/26/2012,3.75,3.75
11/27/2012,3.77,3.77
11/28/2012,3.71,3.71
11/29/2012,3.61,3.61
11/30/2012,3.46,3.46
12/3/2012,3.44,3.44
12/4/2012,3.38,3.38
12/5/2012,3.41,3.41
12/6/2012,3.48,3.48
12/7/2012,3.33,3.33
12/10/2012,3.35,3.35
12/11/2012,3.39,3.39
12/12/2012,3.33,3.33
12/13/2012,3.27,3.27
12/14/2012,3.15,3.15
12/17/2012,3.2,3.2
12/18/2012,3.29,3.29
12/19/2012,3.25,3.25
12/20/2012,3.35,3.35
12/21/2012,3.42,3.42
12/24/2012,3.3,3.3
12/26/2012,3.35,3.35
12/27/2012,3.31,3.31
12/28/2012,3.4,3.4
12/31/2012,3.43,3.43
1/2/2013,3.3,3.3
1/3/2013,3.19,3.19
1/4/2013,3.2,3.2
1/7/2013,3.3,3.3
1/8/2013,3.21,3.21
1/9/2013,3.14,3.14
1/10/2013,3.08,3.08
1/11/2013,3.18,3.18
1/14/2013,3.39,3.39
1/15/2013,3.4,3.4
1/16/2013,3.43,3.43
1/17/2013,3.44,3.44
1/18/2013,3.54,3.54
1/22/2013,3.63,3.63
1/23/2013,3.53,3.53
1/24/2013,3.56,3.56
1/25/2013,3.42,3.42
1/28/2013,3.25,3.25
1/29/2013,3.14,3.14
1/30/2013,3.24,3.24
1/31/2013,3.33,3.33
2/1/2013,3.34,3.34
2/4/2013,3.27,3.27
2/5/2013,3.34,3.34
2/6/2013,3.41,3.41
2/7/2013,3.39,3.39
2/8/2013,3.26,3.26
2/11/2013,3.2,3.2
2/12/2013,3.3,3.3
2/13/2013,3.29,3.29
2/14/2013,3.3,3.3
2/15/2013,3.19,3.19
2/19/2013,3.23,3.23
2/20/2013,3.34,3.34
2/21/2013,3.29,3.29
2/22/2013,3.27,3.27
2/25/2013,3.42,3.42
2/26/2013,3.46,3.46
2/27/2013,3.49,3.49
2/28/2013,3.48,3.48
3/1/2013,3.54,3.54
3/4/2013,3.53,3.53
3/5/2013,3.63,3.63
3/6/2013,3.57,3.57
3/7/2013,3.54,3.54
3/8/2013,3.57,3.57
3/11/2013,3.64,3.64
3/12/2013,3.71,3.71
3/13/2013,3.72,3.72
3/14/2013,3.74,3.74
3/15/2013,3.89,3.89
3/18/2013,3.98,3.98
3/19/2013,3.96,3.96
3/20/2013,3.97,3.97
3/21/2013,4.01,4.01
3/22/2013,4.01,4.01
3/25/2013,4.08,4.08
3/26/2013,3.99,3.99
3/27/2013,4.08,4.08
3/28/2013,4.03,4.03
4/1/2013,3.97,3.97
4/2/2013,4.07,4.07
4/3/2013,4,4
4/4/2013,3.94,3.94
4/5/2013,3.98,3.98
4/8/2013,4.18,4.18
4/9/2013,4.08,4.08
4/10/2013,4.07,4.07
4/11/2013,4.11,4.11
4/12/2013,4.21,4.21
4/15/2013,4.23,4.23
4/16/2013,4.19,4.19
4/17/2013,4.24,4.24
4/18/2013,4.23,4.23
4/19/2013,4.38,4.38
4/22/2013,4.33,4.33
4/23/2013,4.27,4.27
4/24/2013,4.25,4.25
4/25/2013,4.19,4.19
4/26/2013,4.16,4.16
4/29/2013,4.28,4.28
4/30/2013,4.3,4.3
5/1/2013,4.31,4.31
5/2/2013,4.28,4.28
5/3/2013,3.98,3.98
5/6/2013,3.93,3.93
5/7/2013,3.88,3.88
5/8/2013,3.86,3.86
5/9/2013,3.87,3.87
5/10/2013,3.9,3.9
5/13/2013,3.87,3.87
5/14/2013,3.93,3.93
5/15/2013,4.03,4.03
5/16/2013,4.01,4.01
5/17/2013,3.89,3.89
5/20/2013,4.1,4.1
5/21/2013,4.13,4.13
5/22/2013,4.16,4.16
5/23/2013,4.15,4.15
5/24/2013,4.15,4.15
5/28/2013,4.19,4.19
5/29/2013,4.15,4.15
5/30/2013,4.12,4.12
5/31/2013,4.02,4.02
6/3/2013,4,4
6/4/2013,4,4
6/5/2013,3.99,3.99
6/6/2013,3.93,3.93
6/7/2013,3.79,3.79
6/10/2013,3.85,3.85
6/11/2013,3.77,3.77
6/12/2013,3.74,3.74
6/13/2013,3.73,3.73
6/14/2013,3.76,3.76
6/17/2013,3.78,3.78
6/18/2013,3.9,3.9
6/19/2013,3.93,3.93
6/20/2013,3.9,3.9
6/21/2013,3.85,3.85
6/24/2013,3.81,3.81
6/25/2013,3.77,3.77
6/26/2013,3.72,3.72
6/27/2013,3.73,3.73
6/28/2013,3.57,3.57
7/1/2013,3.52,3.52
7/2/2013,3.58,3.58
7/3/2013,3.54,3.54
7/5/2013,3.52,3.52
7/8/2013,3.65,3.65
7/9/2013,3.69,3.69
7/10/2013,3.69,3.69
7/11/2013,3.64,3.64
7/12/2013,3.61,3.61
7/15/2013,3.67,3.67
7/16/2013,3.69,3.69
7/17/2013,3.67,3.67
7/18/2013,3.66,3.66
7/19/2013,3.78,3.78
7/22/2013,3.71,3.71
7/23/2013,3.68,3.68
7/24/2013,3.7,3.7
7/25/2013,3.68,3.68
7/26/2013,3.59,3.59
7/29/2013,3.49,3.49
7/30/2013,3.48,3.48
7/31/2013,3.46,3.46
8/1/2013,3.44,3.44
8/2/2013,3.39,3.39
8/5/2013,3.33,3.33
8/6/2013,3.35,3.35
8/7/2013,3.32,3.32
8/8/2013,3.27,3.27
8/9/2013,3.32,3.32
8/12/2013,3.34,3.34
8/13/2013,3.34,3.34
8/14/2013,3.36,3.36
8/15/2013,3.34,3.34
8/16/2013,3.35,3.35
8/19/2013,3.46,3.46
8/20/2013,3.48,3.48
8/21/2013,3.51,3.51
8/22/2013,3.52,3.52
8/23/2013,3.5,3.5
8/26/2013,3.55,3.55
8/27/2013,3.5,3.5
8/28/2013,3.54,3.54
8/29/2013,3.58,3.58
8/30/2013,3.57,3.57
9/3/2013,3.64,3.64
9/4/2013,3.68,3.68
9/5/2013,3.7,3.7
9/6/2013,3.55,3.55
9/9/2013,3.62,3.62
9/10/2013,3.65,3.65
9/11/2013,3.6,3.6
9/12/2013,3.57,3.57
9/13/2013,3.6,3.6
9/16/2013,3.64,3.64
9/17/2013,3.77,3.77
9/18/2013,3.72,3.72
9/19/2013,3.73,3.73
9/20/2013,3.68,3.68
9/23/2013,3.66,3.66
9/24/2013,3.59,3.59
9/25/2013,3.52,3.52
9/26/2013,3.49,3.49
9/27/2013,3.51,3.51
9/30/2013,3.48,3.48
10/1/2013,3.56,3.56
10/2/2013,3.63,3.63
10/3/2013,3.58,3.58
10/4/2013,3.57,3.57
10/7/2013,3.62,3.62
10/8/2013,3.72,3.72
10/9/2013,3.7,3.7
10/10/2013,3.74,3.74
10/11/2013,3.74,3.74
10/14/2013,3.82,3.82
10/15/2013,3.83,3.83
10/16/2013,3.84,3.84
10/17/2013,3.75,3.75
10/18/2013,3.72,3.72
10/21/2013,3.77,3.77
10/22/2013,3.7,3.7
10/23/2013,3.66,3.66
10/24/2013,3.65,3.65
10/25/2013,3.69,3.69
10/28/2013,3.61,3.61
10/29/2013,3.57,3.57
10/30/2013,3.55,3.55
10/31/2013,3.57,3.57
11/1/2013,3.45,3.45
11/4/2013,3.38,3.38
11/5/2013,3.37,3.37
11/6/2013,3.46,3.46
11/7/2013,3.59,3.59
11/8/2013,3.54,3.54
11/11/2013,3.62,3.62
11/12/2013,3.69,3.69
11/13/2013,3.69,3.69
11/14/2013,3.52,3.52
11/15/2013,3.56,3.56
11/18/2013,3.71,3.71
11/19/2013,3.63,3.63
11/20/2013,3.63,3.63
11/21/2013,3.68,3.68
11/22/2013,3.78,3.78
11/25/2013,3.85,3.85
11/26/2013,3.87,3.87
11/27/2013,3.87,3.87
11/29/2013,3.87,3.87
12/2/2013,3.85,3.85
12/3/2013,3.84,3.84
12/4/2013,3.89,3.89
12/5/2013,3.97,3.97
12/6/2013,4.15,4.15
12/9/2013,4.24,4.24
12/10/2013,4.24,4.24
12/11/2013,4.24,4.24
12/12/2013,4.4,4.4
12/13/2013,4.44,4.44
12/16/2013,4.21,4.21
12/17/2013,4.2,4.2
12/18/2013,4.25,4.25
12/19/2013,4.25,4.25
12/20/2013,4.35,4.35
12/23/2013,4.52,4.52
12/24/2013,4.52,4.52
12/26/2013,4.4,4.4
12/27/2013,4.34,4.34
12/30/2013,4.41,4.41
12/31/2013,4.31,4.31
1/2/2014,4.32,4.32
1/3/2014,4.39,4.39
1/6/2014,4.5,4.5
1/7/2014,4.58,4.58
1/8/2014,4.36,4.36
1/9/2014,4.15,4.15
1/10/2014,3.95,3.95
1/13/2014,4.19,4.19
1/14/2014,4.36,4.36
1/15/2014,4.45,4.45
1/16/2014,4.55,4.55
1/17/2014,4.39,4.39
1/21/2014,4.61,4.61
1/22/2014,4.92,4.92
1/23/2014,5.64,5.64
1/24/2014,5.17,5.17
1/27/2014,5.66,5.66
1/28/2014,5.25,5.25
1/29/2014,5.23,5.23
1/30/2014,5.27,5.27
1/31/2014,5.04,5.04
2/3/2014,5.04,5.04
2/4/2014,5.78,5.78
2/5/2014,8.12,8.12
2/6/2014,6.9,6.9
2/7/2014,5.92,5.92
2/10/2014,8.15,8.15
2/11/2014,7.75,7.75
2/12/2014,5.96,5.96
2/13/2014,5.34,5.34
2/14/2014,5.54,5.54
2/18/2014,5.8,5.8
2/19/2014,6,6
2/20/2014,5.96,5.96
2/21/2014,6.24,6.24
2/24/2014,6.08,6.08
2/25/2014,5.21,5.21
2/26/2014,4.81,4.81
2/27/2014,4.61,4.61
2/28/2014,4.8,4.8
3/3/2014,7.09,7.09
3/4/2014,7.98,7.98
3/5/2014,6.46,6.46
3/6/2014,4.89,4.89
3/7/2014,4.78,4.78
3/10/2014,4.67,4.67
3/11/2014,4.67,4.67
3/12/2014,4.72,4.72
3/13/2014,4.41,4.41
3/14/2014,4.4,4.4
3/17/2014,4.57,4.57
3/18/2014,4.42,4.42
3/19/2014,4.43,4.43
3/20/2014,4.39,4.39
3/21/2014,4.33,4.33
3/24/2014,4.42,4.42
3/25/2014,4.53,4.53
3/26/2014,4.44,4.44
3/27/2014,4.39,4.39
3/28/2014,4.5,4.5
3/31/2014,4.48,4.48
4/1/2014,4.39,4.39
4/2/2014,4.39,4.39
4/3/2014,4.51,4.51
4/4/2014,4.49,4.49
4/7/2014,4.58,4.58
4/8/2014,4.57,4.57
4/9/2014,4.67,4.67
4/10/2014,4.67,4.67
4/11/2014,4.67,4.67
4/14/2014,4.64,4.64
4/15/2014,4.69,4.69
4/16/2014,4.64,4.64
4/17/2014,4.64,4.64
4/21/2014,4.76,4.76
4/22/2014,4.76,4.76
4/23/2014,4.81,4.81
4/24/2014,4.81,4.81
4/25/2014,4.83,4.83
4/28/2014,4.72,4.72
4/29/2014,4.78,4.78
4/30/2014,4.79,4.79
5/1/2014,4.79,4.79
5/2/2014,4.73,4.73
5/5/2014,4.73,4.73
5/6/2014,4.8,4.8
5/7/2014,4.82,4.82
5/8/2014,4.77,4.77
5/9/2014,4.59,4.59
5/12/2014,4.52,4.52
5/13/2014,4.47,4.47
5/14/2014,4.47,4.47
5/15/2014,4.42,4.42
5/16/2014,4.42,4.42
5/19/2014,4.54,4.54
5/20/2014,4.53,4.53
5/21/2014,4.57,4.57
5/22/2014,4.57,4.57
5/23/2014,4.4,4.4
5/27/2014,4.4,4.4
5/28/2014,4.56,4.56
5/29/2014,4.63,4.63
5/30/2014,4.49,4.49
6/2/2014,4.49,4.49
6/3/2014,4.62,4.62
6/4/2014,4.62,4.62
6/5/2014,4.66,4.66
6/6/2014,4.66,4.66
6/9/2014,4.67,4.67
6/10/2014,4.67,4.67
6/11/2014,4.51,4.51
6/12/2014,4.51,4.51
6/13/2014,4.7,4.7
6/16/2014,4.71,4.71
6/17/2014,4.68,4.68
6/18/2014,4.68,4.68
6/19/2014,4.67,4.67
6/20/2014,4.53,4.53
6/23/2014,4.53,4.53
6/24/2014,4.49,4.49
6/25/2014,4.58,4.58
6/26/2014,4.58,4.58
6/27/2014,4.39,4.39
6/30/2014,4.39,4.39
7/1/2014,4.47,4.47
7/2/2014,4.47,4.47
7/3/2014,4.31,4.31
7/7/2014,4.31,4.31
7/8/2014,4.18,4.18
7/9/2014,4.17,4.17
7/10/2014,4.15,4.15
7/11/2014,4.13,4.13
7/14/2014,4.13,4.13
7/15/2014,4.13,4.13
7/16/2014,4.16,4.16
7/17/2014,4.04,4.04
7/18/2014,4.08,4.08
7/21/2014,3.87,3.87
7/22/2014,3.81,3.81
7/23/2014,3.83,3.83
7/24/2014,3.83,3.83
7/25/2014,3.86,3.86
7/28/2014,3.84,3.84
7/29/2014,3.79,3.79
7/30/2014,3.78,3.78
7/31/2014,3.78,3.78
8/1/2014,3.77,3.77
8/4/2014,3.87,3.87
8/5/2014,3.87,3.87
8/6/2014,3.92,3.92
8/7/2014,3.99,3.99
8/8/2014,3.94,3.94
8/11/2014,4,4
8/12/2014,3.94,3.94
8/13/2014,3.9,3.9
8/14/2014,3.85,3.85
8/15/2014,3.8,3.8
8/18/2014,3.78,3.78
8/19/2014,3.84,3.84
8/20/2014,3.88,3.88
8/21/2014,3.88,3.88
8/22/2014,3.88,3.88
8/25/2014,3.94,3.94
8/26/2014,3.99,3.99
8/27/2014,4.02,4.02
8/28/2014,4.06,4.06
8/29/2014,4.04,4.04
9/2/2014,4.01,4.01
9/3/2014,3.94,3.94
9/4/2014,3.91,3.91
9/5/2014,3.86,3.86
9/8/2014,3.86,3.86
9/9/2014,3.93,3.93
9/10/2014,3.98,3.98
9/11/2014,3.94,3.94
9/12/2014,3.82,3.82
9/15/2014,3.92,3.92
9/16/2014,3.85,3.85
9/17/2014,3.97,3.97
9/18/2014,3.99,3.99
9/19/2014,3.99,3.99
9/22/2014,3.88,3.88
9/23/2014,3.9,3.9
9/24/2014,3.84,3.84
9/25/2014,3.89,3.89
9/26/2014,3.89,3.89
9/29/2014,3.89,3.89
9/30/2014,4.14,4.14
10/1/2014,4.14,4.14
10/2/2014,4,4
10/3/2014,3.94,3.94
10/6/2014,3.89,3.89
10/7/2014,3.88,3.88
10/8/2014,3.88,3.88
10/9/2014,3.87,3.87
10/10/2014,3.86,3.86
10/13/2014,3.87,3.87
10/14/2014,3.91,3.91
10/15/2014,3.81,3.81
10/16/2014,3.8,3.8
10/17/2014,3.73,3.73
10/20/2014,3.69,3.69
10/21/2014,3.62,3.62
10/22/2014,3.69,3.69
10/23/2014,3.6,3.6
10/24/2014,3.53,3.53
10/27/2014,3.56,3.56
10/28/2014,3.53,3.53
10/29/2014,3.6,3.6
10/30/2014,3.76,3.76
10/31/2014,3.82,3.82
11/3/2014,3.82,3.82
11/4/2014,3.67,3.67
11/5/2014,3.83,3.83
11/6/2014,3.92,3.92
11/7/2014,3.92,3.92
11/10/2014,4.18,4.18
11/11/2014,4.18,4.18
11/12/2014,4.2,4.2
11/13/2014,4.2,4.2
11/14/2014,4.05,4.05
11/17/2014,4.26,4.26
11/18/2014,4.33,4.33
11/19/2014,4.41,4.41
11/20/2014,4.41,4.41
11/21/2014,4.32,4.32
11/24/2014,4.09,4.09
11/25/2014,4.09,4.09
11/26/2014,4.15,4.15
11/28/2014,4.3,4.3
12/1/2014,4.3,4.3
12/2/2014,3.77,3.77
12/3/2014,3.63,3.63
12/4/2014,3.63,3.63
12/5/2014,3.42,3.42
12/8/2014,3.42,3.42
12/9/2014,3.63,3.63
12/10/2014,3.65,3.65
12/11/2014,3.68,3.68
12/12/2014,3.91,3.91
12/15/2014,3.72,3.72
12/16/2014,3.58,3.58
12/17/2014,3.72,3.72
12/18/2014,3.71,3.71
12/19/2014,3.71,3.71
12/22/2014,3.05,3.05
12/23/2014,2.99,2.99
12/24/2014,2.99,2.99
12/26/2014,2.74,2.74
12/29/2014,3.07,3.07
12/30/2014,3.14,3.14
12/31/2014,3.14,3.14
1/2/2015,3.01,3.01
1/5/2015,3.22,3.22
1/6/2015,2.98,2.98
1/7/2015,3.08,3.08
1/8/2015,2.92,2.92
1/9/2015,2.96,2.96
1/12/2015,2.9,2.9
1/13/2015,2.92,2.92
1/14/2015,3.15,3.15
1/15/2015,3.32,3.32
1/16/2015,3.11,3.11
1/20/2015,2.94,2.94
1/21/2015,2.94,2.94
1/22/2015,2.95,2.95
1/23/2015,2.96,2.96
1/26/2015,2.92,2.92
1/27/2015,2.96,2.96
1/28/2015,2.89,2.89
1/29/2015,2.88,2.88
1/30/2015,2.88,2.88
2/2/2015,2.88,2.88
2/3/2015,2.67,2.67
2/4/2015,2.73,2.73
2/5/2015,2.66,2.66
2/6/2015,2.66,2.66
2/9/2015,2.62,2.62
2/10/2015,2.67,2.67
2/11/2015,2.86,2.86
2/12/2015,2.86,2.86
2/13/2015,2.75,2.75
2/17/2015,2.75,2.75
2/18/2015,2.92,2.92
2/19/2015,2.92,2.92
2/20/2015,3.02,3.02
2/23/2015,3.22,3.22
2/24/2015,3.22,3.22
2/25/2015,3.21,3.21
2/26/2015,3.21,3.21
2/27/2015,2.79,2.79
3/2/2015,2.79,2.79
3/3/2015,3,3
3/4/2015,3.27,3.27
3/5/2015,3.27,3.27
3/6/2015,2.89,2.89
3/9/2015,2.75,2.75
3/10/2015,2.76,2.76
3/11/2015,2.76,2.76
3/12/2015,2.82,2.82
3/13/2015,2.72,2.72
3/16/2015,2.68,2.68
3/17/2015,2.82,2.82
3/18/2015,2.8,2.8
3/19/2015,2.86,2.86
3/20/2015,2.86,2.86
3/23/2015,2.72,2.72
3/24/2015,2.79,2.79
3/25/2015,2.77,2.77
3/26/2015,2.77,2.77
3/27/2015,2.89,2.89
3/30/2015,2.64,2.64
3/31/2015,2.65,2.65
4/1/2015,2.62,2.62
4/2/2015,2.63,2.63
4/6/2015,2.63,2.63
4/7/2015,2.71,2.71
4/8/2015,2.71,2.71
4/9/2015,2.72,2.72
4/10/2015,2.58,2.58
4/13/2015,2.58,2.58
4/14/2015,2.58,2.58
4/15/2015,2.62,2.62
4/16/2015,2.61,2.61
4/17/2015,2.67,2.67
4/20/2015,2.57,2.57
4/21/2015,2.59,2.59
4/22/2015,2.63,2.63
4/23/2015,2.59,2.59
4/24/2015,2.59,2.59
4/27/2015,2.5,2.5
4/28/2015,2.55,2.55
4/29/2015,2.55,2.55
4/30/2015,2.56,2.56
5/1/2015,2.68,2.68
5/4/2015,2.72,2.72
5/5/2015,2.76,2.76
5/6/2015,2.76,2.76
5/7/2015,2.74,2.74
5/8/2015,2.78,2.78
5/11/2015,2.85,2.85
5/12/2015,2.85,2.85
5/13/2015,2.85,2.85
5/14/2015,2.87,2.87
5/15/2015,2.96,2.96
5/18/2015,3.01,3.01
5/19/2015,3.01,3.01
5/20/2015,3.04,3.04
5/21/2015,2.96,2.96
5/22/2015,2.96,2.96
5/26/2015,2.82,2.82
5/27/2015,2.82,2.82
5/28/2015,2.78,2.78
5/29/2015,2.78,2.78
6/1/2015,2.78,2.78
6/2/2015,2.63,2.63
6/3/2015,2.65,2.65
6/4/2015,2.6,2.6
6/5/2015,2.6,2.6
6/8/2015,2.6,2.6
6/9/2015,2.72,2.72
6/10/2015,2.81,2.81
6/11/2015,2.88,2.88
6/12/2015,2.88,2.88
6/15/2015,2.89,2.89
6/16/2015,2.94,2.94
6/17/2015,2.93,2.93
6/18/2015,2.93,2.93
6/19/2015,2.81,2.81
6/22/2015,2.79,2.79
6/23/2015,2.83,2.83
6/24/2015,2.83,2.83
6/25/2015,2.8,2.8
6/26/2015,2.77,2.77
6/29/2015,2.77,2.77
6/30/2015,2.8,2.8
7/1/2015,2.78,2.78
7/2/2015,2.79,2.79
7/3/2015,2.79,2.79
7/6/2015,2.79,2.79
7/7/2015,2.77,2.77
7/8/2015,2.77,2.77
7/9/2015,2.7,2.7
7/10/2015,2.7,2.7
7/13/2015,2.88,2.88
7/14/2015,2.88,2.88
7/15/2015,2.93,2.93
7/16/2015,2.9,2.9
7/17/2015,2.88,2.88
7/20/2015,2.88,2.88
7/21/2015,2.84,2.84
7/22/2015,2.84,2.84
7/23/2015,2.92,2.92
7/24/2015,2.92,2.92
7/27/2015,2.92,2.92
7/28/2015,2.89,2.89
7/29/2015,2.91,2.91
7/30/2015,2.87,2.87
7/31/2015,2.76,2.76
8/3/2015,2.76,2.76
8/4/2015,2.83,2.83
8/5/2015,2.85,2.85
8/6/2015,2.76,2.76
8/7/2015,2.76,2.76
8/10/2015,2.85,2.85
8/11/2015,2.84,2.84
8/12/2015,2.93,2.93
8/13/2015,2.93,2.93
8/14/2015,2.83,2.83
8/17/2015,2.79,2.79
8/18/2015,2.71,2.71
8/19/2015,2.77,2.77
8/20/2015,2.77,2.77
8/21/2015,2.7,2.7
8/24/2015,2.65,2.65
8/25/2015,2.71,2.71
8/26/2015,2.73,2.73
8/27/2015,2.69,2.69
8/28/2015,2.69,2.69
8/31/2015,2.7,2.7
9/1/2015,2.7,2.7
9/2/2015,2.7,2.7
9/3/2015,2.67,2.67
9/4/2015,2.67,2.67
9/7/2015,2.67,2.67
9/8/2015,2.74,2.74
9/9/2015,2.74,2.74
9/10/2015,2.71,2.71
9/11/2015,2.67,2.67
9/14/2015,2.7,2.7
9/15/2015,2.74,2.74
9/16/2015,2.69,2.69
9/17/2015,2.69,2.69
9/18/2015,2.69,2.69
9/21/2015,2.61,2.61
9/22/2015,2.61,2.61
9/23/2015,2.62,2.62
9/24/2015,2.62,2.62
9/25/2015,2.6,2.6
9/28/2015,2.66,2.66
9/29/2015,2.57,2.57
9/30/2015,2.47,2.47
10/1/2015,2.37,2.37
10/2/2015,2.37,2.37
10/5/2015,2.34,2.34
10/6/2015,2.35,2.35
10/7/2015,2.35,2.35
10/8/2015,2.35,2.35
10/9/2015,2.49,2.49
10/12/2015,2.48,2.48
10/13/2015,2.47,2.47
10/14/2015,2.47,2.47
10/15/2015,2.54,2.54
10/16/2015,2.42,2.42
10/19/2015,2.43,2.43
10/20/2015,2.46,2.46
10/21/2015,2.37,2.37
10/22/2015,2.37,2.37
10/23/2015,2.28,2.28
10/26/2015,2.18,2.18
10/27/2015,2.14,2.14
10/28/2015,2.14,2.14
10/29/2015,2.15,2.15
10/30/2015,1.98,1.98
11/2/2015,1.92,1.92
11/3/2015,1.92,1.92
11/4/2015,2.04,2.04
11/5/2015,2.04,2.04
11/6/2015,2.19,2.19
11/9/2015,2.19,2.19
11/10/2015,2.14,2.14
11/11/2015,2.13,2.13
11/12/2015,2.05,2.05
11/13/2015,2.02,2.02
11/16/2015,2.02,2.02
11/17/2015,2.05,2.05
11/18/2015,2.1,2.1
11/19/2015,2.1,2.1
11/20/2015,2.18,2.18
11/23/2015,2.18,2.18
11/24/2015,2.14,2.14
11/25/2015,2.14,2.14
11/26/2015,2.14,2.14
11/27/2015,2.14,2.14
11/30/2015,2.11,2.11
12/1/2015,2.11,2.11
12/2/2015,2.19,2.19
12/3/2015,2.14,2.14
12/4/2015,2.1,2.1
12/7/2015,2.06,2.06
12/8/2015,2.01,2.01
12/9/2015,2,2
12/10/2015,1.95,1.95
12/11/2015,1.79,1.79
12/14/2015,1.7,1.7
12/15/2015,1.66,1.66
12/16/2015,1.7,1.7
12/17/2015,1.79,1.79
12/18/2015,1.74,1.74
12/21/2015,1.76,1.76
12/22/2015,1.73,1.73
12/23/2015,1.63,1.63
12/24/2015,1.63,1.63
12/25/2015,1.63,1.63
12/28/2015,2.11,2.11
12/29/2015,2.39,2.39
12/30/2015,2.28,2.28
12/31/2015,2.28,2.28
1/1/2016,2.28,2.28
1/4/2016,2.39,2.39
1/5/2016,2.33,2.33
1/6/2016,2.37,2.37
1/7/2016,2.35,2.35
1/8/2016,2.47,2.47
1/11/2016,2.54,2.54
1/12/2016,2.4,2.4
1/13/2016,2.28,2.28
1/14/2016,2.21,2.21
1/15/2016,2.18,2.18
1/18/2016,2.18,2.18
1/19/2016,2.23,2.23
1/20/2016,2.18,2.18
1/21/2016,2.22,2.22
1/22/2016,2.21,2.21
1/25/2016,2.16,2.16
1/26/2016,2.26,2.26
1/27/2016,2.26,2.26
1/28/2016,2.15,2.15
1/29/2016,2.28,2.28
2/1/2016,2.28,2.28
2/2/2016,2.07,2.07
2/3/2016,2.06,2.06
2/4/2016,2.07,2.07
2/5/2016,2.08,2.08
2/8/2016,2.23,2.23
2/9/2016,2.17,2.17
2/10/2016,2.16,2.16
2/11/2016,2.15,2.15
2/12/2016,2.08,2.08
2/15/2016,2.08,2.08
2/16/2016,1.95,1.95
2/17/2016,1.93,1.93
2/18/2016,1.89,1.89
2/19/2016,1.83,1.83
2/22/2016,1.86,1.86
2/23/2016,1.85,1.85
2/24/2016,1.85,1.85
2/25/2016,1.78,1.78
2/26/2016,1.78,1.78
2/29/2016,1.62,1.62
3/1/2016,1.57,1.57
3/2/2016,1.6,1.6
3/3/2016,1.59,1.59
3/4/2016,1.49,1.49
3/7/2016,1.56,1.56
3/8/2016,1.6,1.6
3/9/2016,1.61,1.61
3/10/2016,1.72,1.72
3/11/2016,1.74,1.74
3/14/2016,1.68,1.68
3/15/2016,1.81,1.81
3/16/2016,1.77,1.77
3/17/2016,1.84,1.84
3/18/2016,1.84,1.84
3/21/2016,1.79,1.79
3/22/2016,1.79,1.79
3/23/2016,1.79,1.79
3/24/2016,1.78,1.78
3/25/2016,1.78,1.78
3/28/2016,1.78,1.78
3/29/2016,1.77,1.77
3/30/2016,1.87,1.87
3/31/2016,1.98,1.98
4/1/2016,1.88,1.88
4/4/2016,1.96,1.96
4/5/2016,1.96,1.96
4/6/2016,1.91,1.91
4/7/2016,1.96,1.96
4/8/2016,1.99,1.99
4/11/2016,1.9,1.9
4/12/2016,1.97,1.97
4/13/2016,2.01,2.01
4/14/2016,1.93,1.93
4/15/2016,1.71,1.71
4/18/2016,1.76,1.76
4/19/2016,1.94,1.94
4/20/2016,1.94,1.94
4/21/2016,1.96,1.96
4/22/2016,1.92,1.92
4/25/2016,1.97,1.97
4/26/2016,1.97,1.97
4/27/2016,1.88,1.88
4/28/2016,1.88,1.88
4/29/2016,1.89,1.89
5/2/2016,1.91,1.91
5/3/2016,1.94,1.94
5/4/2016,2.03,2.03
5/5/2016,2.05,2.05
5/6/2016,1.86,1.86
5/9/2016,2.01,2.01
5/10/2016,2.01,2.01
5/11/2016,2.01,2.01
5/12/2016,2.01,2.01
5/13/2016,1.96,1.96
5/16/2016,1.91,1.91
5/17/2016,1.97,1.97
5/18/2016,1.91,1.91
5/19/2016,1.83,1.83
5/20/2016,1.81,1.81
5/23/2016,1.96,1.96
5/24/2016,1.91,1.91
5/25/2016,1.77,1.77
5/26/2016,1.77,1.77
5/27/2016,1.77,1.77
5/30/2016,1.77,1.77
5/31/2016,2.12,2.12
6/1/2016,2.25,2.25
6/2/2016,2.3,2.3
6/3/2016,2.31,2.31
6/6/2016,2.32,2.32
6/7/2016,2.32,2.32
6/8/2016,2.36,2.36
6/9/2016,2.34,2.34
6/10/2016,2.46,2.46
6/13/2016,2.55,2.55
6/14/2016,2.55,2.55
6/15/2016,2.62,2.62
6/16/2016,2.62,2.62
6/17/2016,2.59,2.59
6/20/2016,2.74,2.74
6/21/2016,2.79,2.79
6/22/2016,2.82,2.82
6/23/2016,2.69,2.69
6/24/2016,2.71,2.71
6/27/2016,2.79,2.79
6/28/2016,2.89,2.89
6/29/2016,2.94,2.94
6/30/2016,2.94,2.94
7/1/2016,2.89,2.89
7/4/2016,2.89,2.89
7/5/2016,2.82,2.82
7/6/2016,2.82,2.82
7/7/2016,2.78,2.78
7/8/2016,2.8,2.8
7/11/2016,2.88,2.88
7/12/2016,2.88,2.88
7/13/2016,2.81,2.81
7/14/2016,2.79,2.79
7/15/2016,2.7,2.7
7/18/2016,2.83,2.83
7/19/2016,2.83,2.83
7/20/2016,2.76,2.76
7/21/2016,2.76,2.76
7/22/2016,2.8,2.8
7/25/2016,2.8,2.8
7/26/2016,2.84,2.84
7/27/2016,2.84,2.84
7/28/2016,2.79,2.79
7/29/2016,2.97,2.97
8/1/2016,2.97,2.97
8/2/2016,2.79,2.79
8/3/2016,2.89,2.89
8/4/2016,2.89,2.89
8/5/2016,2.88,2.88
8/8/2016,2.85,2.85
8/9/2016,2.85,2.85
8/10/2016,2.76,2.76
8/11/2016,2.7,2.7
8/12/2016,2.7,2.7
8/15/2016,2.75,2.75
8/16/2016,2.75,2.75
8/17/2016,2.76,2.76
8/18/2016,2.75,2.75
8/19/2016,2.67,2.67
8/22/2016,2.75,2.75
8/23/2016,2.75,2.75
8/24/2016,2.82,2.82
8/25/2016,2.89,2.89
8/26/2016,2.91,2.91
8/29/2016,2.97,2.97
8/30/2016,2.95,2.95
8/31/2016,2.95,2.95
9/1/2016,2.95,2.95
9/2/2016,2.88,2.88
9/5/2016,2.88,2.88
9/6/2016,2.88,2.88
9/7/2016,2.77,2.77
9/8/2016,2.88,2.88
9/9/2016,2.93,2.93
9/12/2016,3.04,3.04
9/13/2016,3.04,3.04
9/14/2016,3.07,3.07
9/15/2016,2.98,2.98
9/16/2016,2.97,2.97
9/19/2016,3,3
9/20/2016,3.12,3.12
9/21/2016,3.19,3.19
9/22/2016,3.18,3.18
9/23/2016,3.06,3.06
9/26/2016,3.06,3.06
9/27/2016,3.09,3.09
9/28/2016,3.07,3.07
9/29/2016,2.98,2.98
9/30/2016,2.84,2.84
10/3/2016,2.84,2.84
10/4/2016,2.83,2.83
10/5/2016,2.83,2.83
10/6/2016,3.04,3.04
10/7/2016,3.02,3.02
10/10/2016,3.18,3.18
10/11/2016,3.17,3.17
10/12/2016,3.17,3.17
10/13/2016,3.16,3.16
10/14/2016,3.18,3.18
10/17/2016,3.21,3.21
10/18/2016,3.25,3.25
10/19/2016,3.18,3.18
10/20/2016,3.12,3.12
10/21/2016,2.92,2.92
10/24/2016,2.78,2.78
10/25/2016,2.69,2.69
10/26/2016,2.69,2.69
10/27/2016,2.72,2.72
10/28/2016,2.72,2.72
10/31/2016,2.85,2.85
11/1/2016,2.53,2.53
11/2/2016,2.53,2.53
11/3/2016,2.41,2.41
11/4/2016,2.2,2.2
11/7/2016,2.37,2.37
11/8/2016,2.34,2.34
11/9/2016,2.22,2.22
11/10/2016,2.08,2.08
11/11/2016,2.08,2.08
11/14/2016,2.26,2.26
11/15/2016,2.49,2.49
11/16/2016,2.49,2.49
11/17/2016,2.37,2.37
11/18/2016,2.6,2.6
11/21/2016,2.81,2.81
11/22/2016,2.73,2.73
11/23/2016,2.76,2.76
11/24/2016,2.76,2.76
11/25/2016,2.76,2.76
11/28/2016,2.96,2.96
11/29/2016,3.02,3.02
11/30/2016,3.32,3.32
12/1/2016,3.32,3.32
12/2/2016,3.44,3.44
12/5/2016,3.44,3.44
12/6/2016,3.75,3.75
12/7/2016,3.8,3.8
12/8/2016,3.68,3.68
12/9/2016,3.75,3.75
12/12/2016,3.6,3.6
12/13/2016,3.65,3.65
12/14/2016,3.55,3.55
12/15/2016,3.56,3.56
12/16/2016,3.51,3.51
12/19/2016,3.55,3.55
12/20/2016,3.39,3.39
12/21/2016,3.5,3.5
12/22/2016,3.5,3.5
12/23/2016,3.6,3.6
12/26/2016,3.6,3.6
12/27/2016,3.7,3.7
12/28/2016,3.7,3.7
12/29/2016,3.71,3.71
12/30/2016,3.71,3.71
1/2/2017,3.71,3.71
1/3/2017,3.41,3.41
1/4/2017,3.42,3.42
1/5/2017,3.42,3.42
1/6/2017,3.38,3.38
1/9/2017,3.14,3.14
1/10/2017,3.21,3.21
1/11/2017,3.27,3.27
1/12/2017,3.36,3.36
1/13/2017,3.36,3.36
1/16/2017,3.36,3.36
1/17/2017,3.37,3.37
1/18/2017,3.26,3.26
1/19/2017,3.25,3.25
1/20/2017,3.23,3.23
1/23/2017,3.16,3.16
1/24/2017,3.16,3.16
1/25/2017,3.26,3.26
1/26/2017,3.44,3.44
1/27/2017,3.31,3.31
1/30/2017,3.22,3.22
1/31/2017,3,3
2/1/2017,3.15,3.15
2/2/2017,3.13,3.13
2/3/2017,3.13,3.13
2/6/2017,2.92,2.92
2/7/2017,3.03,3.03
2/8/2017,3.05,3.05
2/9/2017,3.11,3.11
2/10/2017,3.11,3.11
2/13/2017,2.93,2.93
2/14/2017,2.85,2.85
2/15/2017,2.95,2.95
2/16/2017,2.88,2.88
2/17/2017,2.75,2.75
2/20/2017,2.75,2.75
2/21/2017,2.56,2.56
2/22/2017,2.52,2.52
2/23/2017,2.63,2.63
2/24/2017,2.63,2.63
2/27/2017,2.44,2.44
2/28/2017,2.54,2.54
3/1/2017,2.54,2.54
3/2/2017,2.59,2.59
3/3/2017,2.5,2.5
3/6/2017,2.68,2.68
3/7/2017,2.68,2.68
3/8/2017,2.59,2.59
3/9/2017,2.83,2.83
3/10/2017,2.98,2.98
3/13/2017,3.04,3.04
3/14/2017,3.02,3.02
3/15/2017,3.02,3.02
3/16/2017,2.84,2.84
3/17/2017,2.85,2.85
3/20/2017,2.93,2.93
3/21/2017,3.09,3.09
3/22/2017,3.02,3.02
3/23/2017,2.93,2.93
3/24/2017,2.97,2.97
3/27/2017,2.94,2.94
3/28/2017,2.95,2.95
3/29/2017,3.03,3.03
3/30/2017,3.08,3.08
3/31/2017,3.13,3.13
4/3/2017,3.13,3.13
4/4/2017,3.06,3.06
4/5/2017,3.22,3.22
4/6/2017,3.23,3.23
4/7/2017,3.23,3.23
4/10/2017,3.15,3.15
4/11/2017,3.11,3.11
4/12/2017,2.97,2.97
4/13/2017,3,3
4/14/2017,3,3
4/17/2017,3.09,3.09
4/18/2017,3.11,3.11
4/19/2017,3.11,3.11
4/20/2017,3.13,3.13
4/21/2017,3.06,3.06
4/24/2017,3.06,3.06
4/25/2017,2.99,2.99
4/26/2017,3.06,3.06
4/27/2017,3.13,3.13
4/28/2017,3.2,3.2
5/1/2017,3.2,3.2
5/2/2017,3.13,3.13
5/3/2017,3.14,3.14
5/4/2017,3.11,3.11
5/5/2017,3.1,3.1
5/8/2017,3.06,3.06
5/9/2017,3.03,3.03
5/10/2017,3.03,3.03
5/11/2017,3.23,3.23
5/12/2017,3.24,3.24
5/15/2017,3.26,3.26
5/16/2017,3.27,3.27
5/17/2017,3.27,3.27
5/18/2017,3.13,3.13
5/19/2017,3.11,3.11
5/22/2017,3.24,3.24
5/23/2017,3.22,3.22
5/24/2017,3.22,3.22
5/25/2017,3.1,3.1
5/26/2017,3.1,3.1
5/29/2017,3.1,3.1
5/30/2017,3.1,3.1
5/31/2017,3.05,3.05
6/1/2017,3.05,3.05
6/2/2017,2.85,2.85
6/5/2017,2.92,2.92
6/6/2017,2.92,2.92
6/7/2017,3.06,3.06
6/8/2017,2.98,2.98
6/9/2017,3.03,3.03
6/12/2017,3.12,3.12
6/13/2017,3.12,3.12
6/14/2017,2.95,2.95
6/15/2017,2.94,2.94
6/16/2017,3.01,3.01
6/19/2017,2.87,2.87
6/20/2017,2.91,2.91
6/21/2017,2.91,2.91
6/22/2017,2.88,2.88
6/23/2017,2.89,2.89
6/26/2017,2.98,2.98
6/27/2017,2.99,2.99
6/28/2017,3.03,3.03
6/29/2017,3.07,3.07
6/30/2017,2.98,2.98
7/3/2017,2.98,2.98
7/4/2017,2.98,2.98
7/5/2017,2.98,2.98
7/6/2017,2.89,2.89
7/7/2017,2.91,2.91
7/10/2017,2.92,2.92
7/11/2017,2.98,2.98
7/12/2017,3.01,3.01
7/13/2017,2.96,2.96
7/14/2017,2.94,2.94
7/17/2017,3.04,3.04
7/18/2017,3.11,3.11
7/19/2017,3.11,3.11
7/20/2017,3.12,3.12
7/21/2017,3.06,3.06
7/24/2017,2.99,2.99
7/25/2017,2.99,2.99
7/26/2017,2.92,2.92
7/27/2017,2.95,2.95
7/28/2017,2.96,2.96
7/31/2017,2.87,2.87
8/1/2017,2.8,2.8
8/2/2017,2.8,2.8
8/3/2017,2.76,2.76
8/4/2017,2.76,2.76
8/7/2017,2.8,2.8
8/8/2017,2.81,2.81
8/9/2017,2.81,2.81
8/10/2017,2.89,2.89
8/11/2017,2.96,2.96
8/14/2017,3.02,3.02
8/15/2017,2.96,2.96
8/16/2017,2.94,2.94
8/17/2017,2.91,2.91
8/18/2017,2.9,2.9
8/21/2017,3,3
8/22/2017,3,3
8/23/2017,2.94,2.94
8/24/2017,2.97,2.97
8/25/2017,2.93,2.93
8/28/2017,2.95,2.95
8/29/2017,2.95,2.95
8/30/2017,2.95,2.95
8/31/2017,2.92,2.92
9/1/2017,2.88,2.88
9/4/2017,2.88,2.88
9/5/2017,2.88,2.88
9/6/2017,2.98,2.98
9/7/2017,2.92,2.92
9/8/2017,2.88,2.88
9/11/2017,2.88,2.88
9/12/2017,2.88,2.88
9/13/2017,3.02,3.02
9/14/2017,3.03,3.03
9/15/2017,3,3
9/18/2017,3.11,3.11
9/19/2017,3.18,3.18
9/20/2017,3.13,3.13
9/21/2017,3.11,3.11
9/22/2017,2.93,2.93
9/25/2017,2.96,2.96
9/26/2017,2.96,2.96
9/27/2017,2.98,2.98
9/28/2017,2.96,2.96
9/29/2017,2.94,2.94
10/2/2017,2.94,2.94
10/3/2017,2.73,2.73
10/4/2017,2.8,2.8
10/5/2017,2.8,2.8
10/6/2017,2.93,2.93
10/9/2017,2.87,2.87
10/10/2017,2.89,2.89
10/11/2017,2.89,2.89
10/12/2017,2.95,2.95
10/13/2017,2.99,2.99
10/16/2017,2.87,2.87
10/17/2017,2.88,2.88
10/18/2017,2.81,2.81
10/19/2017,2.83,2.83
10/20/2017,2.8,2.8
10/23/2017,2.95,2.95
10/24/2017,2.95,2.95
10/25/2017,2.98,2.98
10/26/2017,2.91,2.91
10/27/2017,2.78,2.78
10/30/2017,2.94,2.94
10/31/2017,2.84,2.84
11/1/2017,2.68,2.68
11/2/2017,2.68,2.68
11/3/2017,2.75,2.75
11/6/2017,3.01,3.01
11/7/2017,3.07,3.07
11/8/2017,3.16,3.16
11/9/2017,3.18,3.18
11/10/2017,3.17,3.17
11/13/2017,3.13,3.13
11/14/2017,3.06,3.06
11/15/2017,3.16,3.16
11/16/2017,3.09,3.09
11/17/2017,3.04,3.04
11/20/2017,3.04,3.04
11/21/2017,3.05,3.05
11/22/2017,3.05,3.05
11/23/2017,3.05,3.05
11/24/2017,3.05,3.05
11/27/2017,2.88,2.88
11/28/2017,2.88,2.88
11/29/2017,3.06,3.06
11/30/2017,3.06,3.06
12/1/2017,2.84,2.84
12/4/2017,2.91,2.91
12/5/2017,2.86,2.86
12/6/2017,2.86,2.86
12/7/2017,2.81,2.81
12/8/2017,2.78,2.78
12/11/2017,2.81,2.81
12/12/2017,2.87,2.87
12/13/2017,2.87,2.87
12/14/2017,2.69,2.69
12/15/2017,2.6,2.6
12/18/2017,2.71,2.71
12/19/2017,2.75,2.75
12/20/2017,2.72,2.72
12/21/2017,2.64,2.64
12/22/2017,2.63,2.63
12/26/2017,2.68,2.68
12/27/2017,2.76,2.76
12/28/2017,2.97,2.97
12/29/2017,3.69,3.69
1/2/2018,6.24,6.24
1/3/2018,6.24,6.24
1/4/2018,4.65,4.65
1/5/2018,,
1/8/2018,2.89,2.89
1/9/2018,2.93,2.93
1/10/2018,3.16,3.16
1/11/2018,3.16,3.16
1/12/2018,4.06,4.06
1/16/2018,5.46,5.46
1/17/2018,3.92,3.92
1/18/2018,3.92,3.92
1/19/2018,3.2,3.2
1/22/2018,3.13,3.13
1/23/2018,3.35,3.35
1/24/2018,3.54,3.54
1/25/2018,3.54,3.54
1/26/2018,3.58,3.58
1/29/2018,3.6,3.6
1/30/2018,3.6,3.6
1/31/2018,3.34,3.34
2/1/2018,3.06,3.06
2/2/2018,2.91,2.91
2/5/2018,2.85,2.85
2/6/2018,2.75,2.75
2/7/2018,2.74,2.74
2/8/2018,2.74,2.74
2/9/2018,2.66,2.66
2/12/2018,2.6,2.6
2/13/2018,2.58,2.58
2/14/2018,2.53,2.53
2/15/2018,2.49,2.49
2/16/2018,2.49,2.49
2/20/2018,2.61,2.61
2/21/2018,2.65,2.65
2/22/2018,2.65,2.65
2/23/2018,2.58,2.58
2/26/2018,2.6,2.6
2/27/2018,2.59,2.59
2/28/2018,2.66,2.66
3/1/2018,2.67,2.67
3/2/2018,2.67,2.67
3/5/2018,2.7,2.7
3/6/2018,2.7,2.7
3/7/2018,2.8,2.8
3/8/2018,2.8,2.8
3/9/2018,2.71,2.71
3/12/2018,2.78,2.78
3/13/2018,2.76,2.76
3/14/2018,2.69,2.69
3/15/2018,2.7,2.7
3/16/2018,2.62,2.62
3/19/2018,2.62,2.62
3/20/2018,2.71,2.71
3/21/2018,2.74,2.74
3/22/2018,2.62,2.62
3/23/2018,2.58,2.58
3/26/2018,2.63,2.63
3/27/2018,2.6,2.6
3/28/2018,2.64,2.64
3/29/2018,2.81,2.81
4/2/2018,2.75,2.75
4/3/2018,2.75,2.75
4/4/2018,2.81,2.81
4/5/2018,2.81,2.81
4/6/2018,2.81,2.81
4/9/2018,2.78,2.78
4/10/2018,2.78,2.78
4/11/2018,2.74,2.74
4/12/2018,2.76,2.76
4/13/2018,2.82,2.82
4/16/2018,2.88,2.88
4/17/2018,2.84,2.84
4/18/2018,2.85,2.85
4/19/2018,2.8,2.8
4/20/2018,2.78,2.78
4/23/2018,2.78,2.78
4/24/2018,2.79,2.79
4/25/2018,2.81,2.81
4/26/2018,2.81,2.81
4/27/2018,2.82,2.82
4/30/2018,2.75,2.75
5/1/2018,2.75,2.75
5/2/2018,2.77,2.77
5/3/2018,2.75,2.75
5/4/2018,2.75,2.75
5/7/2018,2.74,2.74
5/8/2018,2.77,2.77
5/9/2018,2.75,2.75
5/10/2018,2.78,2.78
5/11/2018,2.75,2.75
5/14/2018,2.84,2.84
5/15/2018,2.83,2.83
5/16/2018,2.85,2.85
5/17/2018,2.75,2.75
5/18/2018,2.75,2.75
5/21/2018,2.77,2.77
5/22/2018,2.76,2.76
5/23/2018,2.89,2.89
5/24/2018,2.88,2.88
5/25/2018,2.88,2.88
5/29/2018,2.84,2.84
5/30/2018,2.83,2.83
5/31/2018,2.94,2.94
6/1/2018,2.91,2.91
6/4/2018,2.89,2.89
6/5/2018,2.89,2.89
6/6/2018,2.89,2.89
6/7/2018,3.02,3.02
6/8/2018,2.91,2.91
6/11/2018,3,3
6/12/2018,2.98,2.98
6/13/2018,2.98,2.98
6/14/2018,2.99,2.99
6/15/2018,3.02,3.02
6/18/2018,2.99,2.99
6/19/2018,2.95,2.95
6/20/2018,2.96,2.96
6/21/2018,3.08,3.08
6/22/2018,2.95,2.95
6/25/2018,2.96,2.96
6/26/2018,2.98,2.98
6/27/2018,3.01,3.01
6/28/2018,2.99,2.99
6/29/2018,2.96,2.96
7/2/2018,2.9,2.9
7/3/2018,2.9,2.9
7/5/2018,2.91,2.91
7/6/2018,2.91,2.91
7/9/2018,2.9,2.9
7/10/2018,2.9,2.9
7/11/2018,2.89,2.89
7/12/2018,2.89,2.89
7/13/2018,2.86,2.86
7/16/2018,2.76,2.76
7/17/2018,2.81,2.81
7/18/2018,2.8,2.8
7/19/2018,2.75,2.75
7/20/2018,2.79,2.79
7/23/2018,2.79,2.79
7/24/2018,2.73,2.73
7/25/2018,2.82,2.82
7/26/2018,2.82,2.82
7/27/2018,2.78,2.78
7/30/2018,2.75,2.75
7/31/2018,2.82,2.82
8/1/2018,2.8,2.8
8/2/2018,2.77,2.77
8/3/2018,2.86,2.86
8/6/2018,2.85,2.85
8/7/2018,2.95,2.95
8/8/2018,2.99,2.99
8/9/2018,3.02,3.02
8/10/2018,2.96,2.96
8/13/2018,2.92,2.92
8/14/2018,3.02,3.02
8/15/2018,3.02,3.02
8/16/2018,3.02,3.02
8/17/2018,3.01,3.01
8/20/2018,3.04,3.04
8/21/2018,3.01,3.01
8/22/2018,3.02,3.02
8/23/2018,3.01,3.01
8/24/2018,2.99,2.99
8/27/2018,2.98,2.98
8/28/2018,2.98,2.98
8/29/2018,2.96,2.96
8/30/2018,2.96,2.96
8/31/2018,2.98,2.98
9/4/2018,2.96,2.96
9/5/2018,3,3
9/6/2018,2.93,2.93
9/7/2018,2.88,2.88
9/10/2018,2.9,2.9
9/11/2018,2.94,2.94
9/12/2018,2.98,2.98
9/13/2018,2.94,2.94
9/14/2018,2.91,2.91
9/17/2018,2.95,2.95
9/18/2018,3,3
9/19/2018,3.11,3.11
9/20/2018,3.07,3.07
9/21/2018,3.02,3.02
9/24/2018,3.04,3.04
9/25/2018,3.12,3.12
9/26/2018,3.1,3.1
9/27/2018,3.05,3.05
9/28/2018,3.01,3.01
10/1/2018,3.13,3.13
10/2/2018,3.14,3.14
10/3/2018,3.26,3.26
10/4/2018,3.39,3.39
10/5/2018,3.25,3.25
10/8/2018,3.28,3.28
10/9/2018,3.4,3.4
10/10/2018,3.45,3.45
10/11/2018,3.16,3.16
10/12/2018,3.19,3.19
10/15/2018,3.26,3.26
10/16/2018,3.27,3.27
10/17/2018,3.3,3.3
10/18/2018,3.28,3.28
10/19/2018,3.2,3.2
10/22/2018,3.2,3.2
10/23/2018,3.28,3.28
10/24/2018,3.42,3.42
10/25/2018,3.42,3.42
10/26/2018,3.27,3.27
10/29/2018,3.2,3.2
10/30/2018,3.27,3.27
10/31/2018,3.31,3.31
11/1/2018,3.36,3.36
11/2/2018,3.26,3.26
11/5/2018,3.53,3.53
11/6/2018,3.53,3.53
11/7/2018,3.54,3.54
11/8/2018,3.54,3.54
11/9/2018,3.74,3.74
11/12/2018,3.96,3.96
11/13/2018,4.1,4.1
11/14/2018,4.1,4.1
11/15/2018,4.69,4.69
11/16/2018,4.3,4.3
11/19/2018,4.65,4.65
11/20/2018,4.65,4.65
11/21/2018,4.7,4.7
11/26/2018,4.28,4.28
11/27/2018,4.28,4.28
11/28/2018,4.5,4.5
11/29/2018,4.5,4.5
11/30/2018,4.61,4.61
12/3/2018,4.4,4.4
12/4/2018,4.4,4.4
12/5/2018,4.69,4.69
12/6/2018,4.44,4.44
12/7/2018,4.51,4.51
12/10/2018,4.54,4.54
12/11/2018,4.53,4.53
12/12/2018,4.53,4.53
12/13/2018,4.31,4.31
12/14/2018,3.99,3.99
12/17/2018,3.8,3.8
12/18/2018,3.8,3.8
12/19/2018,3.64,3.64
12/20/2018,3.7,3.7
12/21/2018,3.7,3.7
12/26/2018,3.42,3.42
12/27/2018,3.1,3.1
12/28/2018,3.25,3.25
1/2/2019,3.25,3.25
1/3/2019,2.72,2.72
1/4/2019,2.8,2.8
1/7/2019,2.74,2.74
1/8/2019,2.89,2.89
1/9/2019,2.92,2.92
1/10/2019,2.95,2.95
1/11/2019,2.95,2.95
1/14/2019,3.36,3.36
1/15/2019,3.54,3.54
1/16/2019,3.58,3.58
1/17/2019,3.58,3.58
1/18/2019,3.43,3.43
1/22/2019,3.43,3.43
1/23/2019,3.13,3.13
1/24/2019,3.13,3.13
1/25/2019,3.07,3.07
1/28/2019,3.05,3.05
1/29/2019,2.94,2.94
1/30/2019,3,3
1/31/2019,2.82,2.82
2/1/2019,2.7,2.7
2/4/2019,2.57,2.57
2/5/2019,2.54,2.54
2/6/2019,2.58,2.58
2/7/2019,2.62,2.62
2/8/2019,2.66,2.66
2/11/2019,2.76,2.76
2/12/2019,2.71,2.71
2/13/2019,2.61,2.61
2/14/2019,2.61,2.61
2/15/2019,2.59,2.59
2/19/2019,2.69,2.69
2/20/2019,2.69,2.69
2/21/2019,2.73,2.73
2/22/2019,2.74,2.74
2/25/2019,2.84,2.84
2/26/2019,2.74,2.74
2/27/2019,2.89,2.89
2/28/2019,2.89,2.89
3/1/2019,3.19,3.19
3/4/2019,4.25,4.25
3/5/2019,3.18,3.18
3/6/2019,3.18,3.18
3/7/2019,2.9,2.9
3/8/2019,2.9,2.9
3/11/2019,2.86,2.86
3/12/2019,2.83,2.83
3/13/2019,2.87,2.87
3/14/2019,2.95,2.95
3/15/2019,2.95,2.95
3/18/2019,2.9,2.9
3/19/2019,2.92,2.92
3/20/2019,2.86,2.86
3/21/2019,2.86,2.86
3/22/2019,2.75,2.75
3/25/2019,2.72,2.72
3/26/2019,2.74,2.74
3/27/2019,2.69,2.69
3/28/2019,2.69,2.69
3/29/2019,2.73,2.73
4/1/2019,2.73,2.73
4/2/2019,2.76,2.76
4/3/2019,2.74,2.74
4/4/2019,2.66,2.66
4/5/2019,2.62,2.62
4/8/2019,2.72,2.72
4/9/2019,2.71,2.71
4/10/2019,2.72,2.72
4/11/2019,2.72,2.72
4/12/2019,2.75,2.75
4/15/2019,2.75,2.75
4/16/2019,2.66,2.66
4/17/2019,2.55,2.55
4/18/2019,2.54,2.54
4/22/2019,2.61,2.61
4/23/2019,2.53,2.53
4/24/2019,2.53,2.53
4/25/2019,2.54,2.54
4/26/2019,2.58,2.58
4/29/2019,2.58,2.58
4/30/2019,2.59,2.59
5/1/2019,2.59,2.59
5/2/2019,2.63,2.63
5/3/2019,2.59,2.59
5/6/2019,2.54,2.54
5/7/2019,2.54,2.54
5/8/2019,2.64,2.64
5/9/2019,2.62,2.62
5/10/2019,2.64,2.64
5/13/2019,2.71,2.71
5/14/2019,2.7,2.7
5/15/2019,2.69,2.69
5/16/2019,2.62,2.62
5/17/2019,2.61,2.61
5/20/2019,2.7,2.7
5/21/2019,2.73,2.73
5/22/2019,2.73,2.73
5/23/2019,2.56,2.56
5/24/2019,2.6,2.6
5/28/2019,2.65,2.65
5/29/2019,2.69,2.69
5/30/2019,2.69,2.69
5/31/2019,2.59,2.59
6/3/2019,2.5,2.5
6/4/2019,2.45,2.45
6/5/2019,2.45,2.45
6/6/2019,2.4,2.4
6/7/2019,2.43,2.43
6/10/2019,2.42,2.42
6/11/2019,2.41,2.41
6/12/2019,2.43,2.43
6/13/2019,2.43,2.43
6/14/2019,2.37,2.37
6/17/2019,2.46,2.46
6/18/2019,2.44,2.44
6/19/2019,2.43,2.43
6/20/2019,2.38,2.38
6/21/2019,2.27,2.27
6/24/2019,2.31,2.31
6/25/2019,2.31,2.31
6/26/2019,2.34,2.34
6/27/2019,2.32,2.32
6/28/2019,2.42,2.42
7/1/2019,2.33,2.33
7/2/2019,2.3,2.3
7/3/2019,2.29,2.29
7/8/2019,2.39,2.39
7/9/2019,2.41,2.41
7/10/2019,2.49,2.49
7/11/2019,2.54,2.54
7/12/2019,2.54,2.54
7/15/2019,2.53,2.53
7/16/2019,2.53,2.53
7/17/2019,2.44,2.44
7/18/2019,2.38,2.38
7/19/2019,2.3,2.3
7/22/2019,2.33,2.33
7/23/2019,2.34,2.34
7/24/2019,2.33,2.33
7/25/2019,2.26,2.26
7/26/2019,2.23,2.23
7/29/2019,2.23,2.23
7/30/2019,2.22,2.22
7/31/2019,2.28,2.28
8/1/2019,2.36,2.36
8/2/2019,2.12,2.12
8/5/2019,2.02,2.02
8/6/2019,2.15,2.15
8/7/2019,2.18,2.18
8/8/2019,2.13,2.13
8/9/2019,2.09,2.09
8/12/2019,2.21,2.21
8/13/2019,2.24,2.24
8/14/2019,2.22,2.22
8/15/2019,2.19,2.19
8/16/2019,2.2,2.2
8/19/2019,2.26,2.26
8/20/2019,2.35,2.35
8/21/2019,2.31,2.31
8/22/2019,2.28,2.28
8/23/2019,2.15,2.15
8/26/2019,2.23,2.23
8/27/2019,2.24,2.24
8/28/2019,2.24,2.24
8/29/2019,2.36,2.36
8/30/2019,2.33,2.33
9/3/2019,2.39,2.39
9/4/2019,2.48,2.48
9/5/2019,2.49,2.49
9/6/2019,2.49,2.49
9/9/2019,2.65,2.65
9/10/2019,2.67,2.67
9/11/2019,2.63,2.63
9/12/2019,2.62,2.62
9/13/2019,2.61,2.61
9/16/2019,2.75,2.75
9/17/2019,2.7,2.7
9/18/2019,2.72,2.72
9/19/2019,2.65,2.65
9/20/2019,2.34,2.34
9/23/2019,2.55,2.55
9/24/2019,2.55,2.55
9/25/2019,2.54,2.54
9/26/2019,2.57,2.57
9/27/2019,2.41,2.41
9/30/2019,2.37,2.37
10/1/2019,2.36,2.36
10/2/2019,2.36,2.36
10/3/2019,2.31,2.31
10/4/2019,2.25,2.25
10/7/2019,2.36,2.36
10/8/2019,2.29,2.29
10/9/2019,2.26,2.26
10/10/2019,2.26,2.26
10/11/2019,2.13,2.13
10/14/2019,2.13,2.13
10/15/2019,2.29,2.29
10/16/2019,2.44,2.44
10/17/2019,2.29,2.29
10/18/2019,2.08,2.08
10/21/2019,2.13,2.13
10/22/2019,2.21,2.21
10/23/2019,2.34,2.34
10/24/2019,2.33,2.33
10/25/2019,2.26,2.26
10/28/2019,2.49,2.49
10/29/2019,2.61,2.61
10/30/2019,2.71,2.71
10/31/2019,2.73,2.73
11/1/2019,2.54,2.54
11/4/2019,2.77,2.77
11/5/2019,2.77,2.77
11/6/2019,2.82,2.82
11/7/2019,2.84,2.84
11/8/2019,2.87,2.87
11/12/2019,2.72,2.72
11/13/2019,2.66,2.66
11/14/2019,2.68,2.68
11/15/2019,2.7,2.7
11/18/2019,2.64,2.64
11/19/2019,2.53,2.53
11/20/2019,2.56,2.56
11/21/2019,2.53,2.53
11/22/2019,2.62,2.62
11/25/2019,2.51,2.51
11/26/2019,2.51,2.51
11/27/2019,2.46,2.46
11/29/2019,2.46,2.46
12/2/2019,2.29,2.29
12/3/2019,2.42,2.42
12/4/2019,2.43,2.43
12/5/2019,2.42,2.42
12/6/2019,2.31,2.31
12/9/2019,2.17,2.17
12/10/2019,2.18,2.18
12/11/2019,2.28,2.28
12/12/2019,2.28,2.28
12/13/2019,2.28,2.28
12/16/2019,2.34,2.34
12/17/2019,2.3,2.3
12/18/2019,2.26,2.26
12/19/2019,2.21,2.21
12/20/2019,2.27,2.27
12/23/2019,2.17,2.17
12/24/2019,2.11,2.11
12/26/2019,2.09,2.09
12/27/2019,1.75,1.75
12/30/2019,2.06,2.06
12/31/2019,2.09,2.09
1/2/2020,2.05,2.05
1/3/2020,2.06,2.06
1/6/2020,2.1,2.1
1/7/2020,2.17,2.17
1/8/2020,2.09,2.09
1/9/2020,2.05,2.05
1/10/2020,2.05,2.05
1/13/2020,2.03,2.03
1/14/2020,2.15,2.15
1/15/2020,2.01,2.01
1/16/2020,2.06,2.06
1/17/2020,2.07,2.07
1/21/2020,1.98,1.98
1/22/2020,1.89,1.89
1/23/2020,1.95,1.95
1/24/2020,1.91,1.91
1/27/2020,2.03,2.03
1/28/2020,1.96,1.96
1/29/2020,1.93,1.93
1/30/2020,1.94,1.94
1/31/2020,1.91,1.91
2/3/2020,1.9,1.9
2/4/2020,1.89,1.89
2/5/2020,1.89,1.89
2/6/2020,1.86,1.86
2/7/2020,1.93,1.93
2/10/2020,1.85,1.85
2/11/2020,1.85,1.85
2/12/2020,1.91,1.91
2/13/2020,1.95,1.95
2/14/2020,1.93,1.93
2/18/2020,2.04,2.04
2/19/2020,2.01,2.01
2/20/2020,1.98,1.98
2/21/2020,1.96,1.96
2/24/2020,1.94,1.94
2/25/2020,1.93,1.93
2/26/2020,1.96,1.96
2/27/2020,1.78,1.78
2/28/2020,1.79,1.79
3/1/2020,1.79,1.79
3/2/2020,1.75,1.75
3/3/2020,1.78,1.78
3/4/2020,1.83,1.83
3/5/2020,1.89,1.89
3/6/2020,1.76,1.76
3/8/2020,1.76,1.76
3/9/2020,1.74,1.74
3/10/2020,1.91,1.91
3/11/2020,1.96,1.96
3/12/2020,1.82,1.82
3/13/2020,1.94,1.94
3/15/2020,1.94,1.94
3/16/2020,1.89,1.89
3/17/2020,1.89,1.89
3/18/2020,1.73,1.73
3/19/2020,1.68,1.68
3/20/2020,1.76,1.76
3/22/2020,1.76,1.76
3/23/2020,1.7,1.7
3/24/2020,1.73,1.73
3/25/2020,1.8,1.8
3/26/2020,1.73,1.73
3/27/2020,1.7,1.7
3/29/2020,1.7,1.7
3/30/2020,1.65,1.65
3/31/2020,1.71,1.71
4/1/2020,1.69,1.69
4/2/2020,1.55,1.55
4/3/2020,1.5,1.5
4/6/2020,1.64,1.64
4/7/2020,1.83,1.83
4/8/2020,1.86,1.86
4/9/2020,1.74,1.74
4/13/2020,1.86,1.86
4/14/2020,1.76,1.76
4/15/2020,1.68,1.68
4/16/2020,1.59,1.59
4/17/2020,1.71,1.71
4/20/2020,1.78,1.78
4/21/2020,1.92,1.92
4/22/2020,1.9,1.9
4/23/2020,1.86,1.86
4/24/2020,1.81,1.81
4/27/2020,1.68,1.68
4/28/2020,1.8,1.8
4/29/2020,1.73,1.73
4/30/2020,1.63,1.63
5/1/2020,1.69,1.69
5/4/2020,1.78,1.78
5/5/2020,1.93,1.93
5/6/2020,1.9,1.9
5/7/2020,1.84,1.84
5/8/2020,1.74,1.74
5/11/2020,1.7,1.7
5/12/2020,1.61,1.61
5/13/2020,1.56,1.56
5/14/2020,1.6,1.6
5/15/2020,1.66,1.66
5/18/2020,1.77,1.77
5/19/2020,1.85,1.85
5/20/2020,1.83,1.83
5/21/2020,1.75,1.75
5/22/2020,1.7,1.7
5/26/2020,1.79,1.79
5/27/2020,1.78,1.78
5/28/2020,1.79,1.79
5/29/2020,1.7,1.7
6/1/2020,1.59,1.59
6/2/2020,1.58,1.58
6/3/2020,1.84,1.84
6/4/2020,1.68,1.68
6/5/2020,1.8,1.8
6/8/2020,1.68,1.68
6/9/2020,1.68,1.68
6/10/2020,1.72,1.72
6/11/2020,1.77,1.77
6/12/2020,1.67,1.67
6/15/2020,1.64,1.64
6/16/2020,1.43,1.43
6/17/2020,1.55,1.55
6/18/2020,1.51,1.51
6/19/2020,1.49,1.49
6/22/2020,1.64,1.64
6/23/2020,1.61,1.61
6/24/2020,1.64,1.64
6/25/2020,1.53,1.53
6/26/2020,1.42,1.42
6/29/2020,1.67,1.67
6/30/2020,1.76,1.76
7/1/2020,1.69,1.69
7/6/2020,1.71,1.71
7/7/2020,1.76,1.76
7/8/2020,1.78,1.78
7/9/2020,1.88,1.88
7/10/2020,1.79,1.79
7/13/2020,1.75,1.75
7/14/2020,1.74,1.74
7/15/2020,1.76,1.76
7/16/2020,1.79,1.79
7/17/2020,1.79,1.79
7/20/2020,1.71,1.71
7/21/2020,1.66,1.66
7/22/2020,1.69,1.69
7/23/2020,1.75,1.75
7/24/2020,1.77,1.77
7/27/2020,1.85,1.85
7/28/2020,1.83,1.83
7/29/2020,1.77,1.77
7/30/2020,1.81,1.81
7/31/2020,1.83,1.83
8/3/2020,1.95,1.95
8/4/2020,2.07,2.07
8/5/2020,2.23,2.23
8/6/2020,2.26,2.26
8/7/2020,2.15,2.15
8/10/2020,2.18,2.18
8/11/2020,2.19,2.19
8/12/2020,2.05,2.05
8/13/2020,2.19,2.19
8/14/2020,2.23,2.23
8/17/2020,2.32,2.32
8/18/2020,2.45,2.45
8/19/2020,2.43,2.43
8/20/2020,2.35,2.35
8/21/2020,2.39,2.39
8/24/2020,2.57,2.57
8/25/2020,2.54,2.54
8/26/2020,2.52,2.52
8/27/2020,2.52,2.52
8/28/2020,2.46,2.46
8/31/2020,2.3,2.3
9/1/2020,2.22,2.22
9/2/2020,2.15,2.15
9/3/2020,2.32,2.32
9/4/2020,1.8,1.8
9/8/2020,2.35,2.35
9/9/2020,2.21,2.21
9/10/2020,2.13,2.13
9/11/2020,1.93,1.93
9/14/2020,2.18,2.18
9/15/2020,2.19,2.19
9/16/2020,2.06,2.06
9/17/2020,1.65,1.65
9/18/2020,1.56,1.56
9/21/2020,1.33,1.33
9/22/2020,1.49,1.49
9/23/2020,1.74,1.74
9/24/2020,1.93,1.93
9/25/2020,1.9,1.9
9/28/2020,1.83,1.83
9/29/2020,1.74,1.74
9/30/2020,1.66,1.66
10/1/2020,1.6,1.6
10/2/2020,1.41,1.41
10/5/2020,1.92,1.92
10/6/2020,1.86,1.86
10/7/2020,2.01,2.01
10/8/2020,1.49,1.49
10/9/2020,2.25,2.25
10/12/2020,2.31,2.31
10/13/2020,2.14,2.14
10/14/2020,2.02,2.02
10/15/2020,2.23,2.23
10/16/2020,2.16,2.16
10/19/2020,2.3,2.3
10/20/2020,2.57,2.57
10/21/2020,2.95,2.95
10/22/2020,2.99,2.99
10/23/2020,2.91,2.91
10/26/2020,3.14,3.14
10/27/2020,3.07,3.07
10/28/2020,3.14,3.14
10/29/2020,3.06,3.06
10/30/2020,3.03,3.03
11/2/2020,3.03,3.03
11/3/2020,2.88,2.88
11/4/2020,2.63,2.63
11/5/2020,2.69,2.69
11/6/2020,2.67,2.67
11/9/2020,2.63,2.63
11/10/2020,2.74,2.74
11/11/2020,2.75,2.75
11/12/2020,2.81,2.81
11/13/2020,2.82,2.82
11/16/2020,2.62,2.62
11/17/2020,2.55,2.55
11/18/2020,2.37,2.37
11/19/2020,2.19,2.19
11/20/2020,2.22,2.22
11/23/2020,2.23,2.23
11/24/2020,2.47,2.47
11/25/2020,2.47,2.47
11/30/2020,2.89,2.89
12/1/2020,2.89,2.89
12/2/2020,2.75,2.75
12/3/2020,2.46,2.46
12/4/2020,2.48,2.48
12/7/2020,2.39,2.39
12/8/2020,2.36,2.36
12/9/2020,2.45,2.45
12/10/2020,2.45,2.45
12/11/2020,2.54,2.54
12/14/2020,2.69,2.69
12/15/2020,2.63,2.63
12/16/2020,2.73,2.73
12/17/2020,2.7,2.7
12/18/2020,2.73,2.73
12/21/2020,2.68,2.68
12/22/2020,2.76,2.76
12/23/2020,2.76,2.76
12/24/2020,2.68,2.68
12/28/2020,2.39,2.39
12/29/2020,2.4,2.4
12/30/2020,2.36,2.36
1/4/2021,2.6,2.6
1/5/2021,2.77,2.77
1/6/2021,2.76,2.76
1/7/2021,2.81,2.81
1/8/2021,2.77,2.77
1/11/2021,2.71,2.71
1/12/2021,2.89,2.89
1/13/2021,2.82,2.82
1/14/2021,2.82,2.82
1/15/2021,2.86,2.86
1/19/2021,2.65,2.65
1/20/2021,2.57,2.57
1/21/2021,2.49,2.49
1/22/2021,2.45,2.45
1/25/2021,2.63,2.63
1/26/2021,2.73,2.73
1/27/2021,2.77,2.77
1/28/2021,2.76,2.76
1/29/2021,2.68,2.68
2/1/2021,2.88,2.88
2/2/2021,3.24,3.24
2/3/2021,3.01,3.01
2/4/2021,2.99,2.99
2/5/2021,3.49,3.49
2/8/2021,3.4,3.4
2/9/2021,3.35,3.35
2/10/2021,3.76,3.76
2/11/2021,6.5,
2/12/2021,6.12,
2/16/2021,11.32,
2/17/2021,23.86,
2/18/2021,8.56,
2/19/2021,4.96,
2/22/2021,3.16,3.16
2/23/2021,2.94,2.94
2/24/2021,2.8,2.8
2/25/2021,2.72,2.72
2/26/2021,2.66,2.66
3/1/2021,2.7,2.7
3/2/2021,2.87,2.87
3/3/2021,2.86,2.86
3/4/2021,2.79,2.79
3/5/2021,2.72,2.72
3/8/2021,2.67,2.67
3/9/2021,2.62,2.62
3/10/2021,2.62,2.62
3/11/2021,2.7,2.7
3/12/2021,2.65,2.65
3/15/2021,2.58,2.58
3/16/2021,2.5,2.5
3/17/2021,2.6,2.6
3/18/2021,2.45,2.45
3/19/2021,2.53,2.53
3/22/2021,2.55,2.55
3/23/2021,2.56,2.56
3/24/2021,2.56,2.56
3/25/2021,2.52,2.52
3/26/2021,2.52,2.52
3/29/2021,2.58,2.58
3/30/2021,2.55,2.55
3/31/2021,2.52,2.52
4/1/2021,2.52,2.52
4/5/2021,2.43,2.43
4/6/2021,2.44,2.44
4/7/2021,2.43,2.43
4/8/2021,2.47,2.47
4/9/2021,2.48,2.48
4/12/2021,2.5,2.5
4/13/2021,2.57,2.57
4/14/2021,2.65,2.65
4/15/2021,2.62,2.62
4/16/2021,2.63,2.63
4/19/2021,2.75,2.75
4/20/2021,2.76,2.76
4/21/2021,2.72,2.72
4/22/2021,2.77,2.77
4/23/2021,2.79,2.79
4/26/2021,2.73,2.73
4/27/2021,2.91,2.91
4/28/2021,2.98,2.98
4/29/2021,2.91,2.91
4/30/2021,2.86,2.86
5/3/2021,2.96,2.96
5/4/2021,3,3
5/5/2021,2.99,2.99
5/6/2021,2.9,2.9
5/7/2021,2.9,2.9
5/10/2021,2.93,2.93
5/11/2021,2.91,2.91
5/12/2021,2.91,2.91
5/13/2021,2.95,2.95
5/14/2021,2.95,2.95
5/17/2021,2.99,2.99
5/18/2021,2.96,2.96
5/19/2021,2.88,2.88
5/20/2021,2.86,2.86
5/21/2021,2.84,2.84
5/24/2021,2.78,2.78
5/25/2021,2.87,2.87
5/26/2021,2.91,2.91
5/27/2021,2.85,2.85
5/28/2021,2.91,2.91
6/1/2021,3.02,3.02
6/2/2021,3.09,3.09
6/3/2021,3.01,3.01
6/4/2021,3.01,3.01
6/7/2021,2.98,2.98
6/8/2021,3.11,3.11
6/9/2021,3.13,3.13
6/10/2021,3.13,3.13
6/11/2021,3.23,3.23
6/14/2021,3.36,3.36
6/15/2021,3.31,3.31
6/16/2021,3.25,3.25
6/17/2021,3.24,3.24
6/18/2021,3.23,3.23
6/21/2021,3.15,3.15
6/22/2021,3.21,3.21
6/23/2021,3.36,3.36
6/24/2021,3.3,3.3
6/25/2021,3.4,3.4
6/28/2021,3.62,3.62
6/29/2021,3.75,3.75
6/30/2021,3.79,3.79
7/1/2021,3.76,3.76
7/2/2021,3.67,3.67
7/6/2021,3.68,3.68
7/7/2021,3.66,3.66
7/8/2021,3.56,3.56
7/9/2021,3.71,3.71
7/12/2021,3.7,3.7
7/13/2021,3.78,3.78
7/14/2021,3.8,3.8
7/15/2021,3.68,3.68
7/16/2021,3.7,3.7
7/19/2021,3.75,3.75
7/20/2021,3.82,3.82
7/21/2021,3.94,3.94
7/22/2021,4.02,4.02
7/23/2021,4.11,4.11
7/26/2021,4.09,4.09
7/27/2021,4.15,4.15
7/28/2021,4.1,4.1
7/29/2021,4.03,4.03
7/30/2021,3.94,3.94
8/2/2021,4.02,4.02
8/3/2021,4.06,4.06
8/4/2021,4.2,4.2
8/5/2021,4.27,4.27
8/6/2021,4.21,4.21
8/9/2021,4.24,4.24
8/10/2021,4.12,4.12
8/11/2021,4.07,4.07
8/12/2021,4.1,4.1
8/13/2021,3.95,3.95
8/16/2021,3.93,3.93
8/17/2021,3.92,3.92
8/18/2021,3.86,3.86
8/19/2021,3.83,3.83
8/20/2021,3.94,3.94
8/23/2021,3.93,3.93
8/24/2021,3.95,3.95
8/25/2021,4.03,4.03
8/26/2021,4.07,4.07
8/27/2021,4.35,4.35
8/30/2021,4.25,4.25
8/31/2021,4.33,4.33
9/1/2021,4.45,4.45
9/2/2021,4.65,4.65
9/3/2021,4.77,4.77
9/7/2021,4.71,4.71
9/8/2021,4.66,4.66
9/9/2021,4.97,4.97
9/10/2021,5.13,5.13
9/13/2021,5.21,5.21
9/14/2021,5.39,5.39
9/15/2021,5.66,5.66
9/16/2021,5.52,5.52
9/17/2021,5.32,5.32
9/20/2021,5.25,5.25
9/21/2021,4.96,4.96
9/22/2021,4.92,4.92
9/23/2021,4.94,4.94
9/24/2021,5.1,5.1
9/27/2021,5.53,5.53
9/28/2021,5.94,5.94
9/29/2021,5.73,5.73
9/30/2021,5.58,5.58
10/1/2021,5.61,5.61
10/4/2021,5.8,5.8
10/5/2021,6.37,6.37
10/6/2021,6,6
10/7/2021,5.71,5.71
10/8/2021,5.46,5.46
10/11/2021,5.46,5.46
10/12/2021,5.34,5.34
10/13/2021,5.56,5.56
10/14/2021,5.92,5.92
10/15/2021,5.44,5.44
10/18/2021,5.01,5.01
10/19/2021,4.81,4.81
10/20/2021,4.87,4.87
10/21/2021,4.94,4.94
10/22/2021,5.1,5.1
10/25/2021,5.72,5.72
10/26/2021,5.59,5.59
10/27/2021,5.91,5.91
10/28/2021,5.68,5.68
10/29/2021,5.49,5.49
11/1/2021,5.22,5.22
11/2/2021,5.33,5.33
11/3/2021,5.59,5.59
11/4/2021,5.73,5.73
11/5/2021,5.51,5.51
11/8/2021,5.53,5.53
11/9/2021,5.08,5.08
11/10/2021,4.56,4.56
11/11/2021,4.81,4.81
11/12/2021,4.97,4.97
11/15/2021,4.77,4.77
11/16/2021,5.11,5.11
11/17/2021,4.82,4.82
11/18/2021,4.95,4.95
11/19/2021,4.9,4.9
11/22/2021,4.83,4.83
11/23/2021,4.95,4.95
11/24/2021,4.93,4.93
11/29/2021,4.9,4.9
11/30/2021,4.52,4.52
12/1/2021,4.31,4.31
12/2/2021,4.08,4.08
12/3/2021,3.79,3.79
12/6/2021,3.66,3.66
12/7/2021,3.6,3.6
12/8/2021,3.79,3.79
12/9/2021,3.67,3.67
12/10/2021,3.65,3.65
12/13/2021,4.05,4.05
12/14/2021,3.71,3.71
12/15/2021,3.79,3.79
12/16/2021,3.67,3.67
12/17/2021,3.71,3.71
12/20/2021,3.91,3.91
12/21/2021,3.96,3.96
12/22/2021,3.95,3.95
12/23/2021,3.56,3.56
12/27/2021,3.45,3.45
12/28/2021,3.32,3.32
12/29/2021,3.4,3.4
12/30/2021,3.82,3.82
12/31/2021,3.82,3.82
1/3/2022,3.74,3.74
1/4/2022,3.73,3.73
1/5/2022,3.78,3.78
1/6/2022,3.94,3.94
1/7/2022,3.83,3.83
1/10/2022,4.16,4.16
1/11/2022,4.16,4.16
1/12/2022,4.62,4.62
1/13/2022,4.78,4.78
1/14/2022,4.37,4.37
1/18/2022,4.55,4.55
1/19/2022,4.89,4.89
1/20/2022,4.45,4.45
1/21/2022,4.11,4.11
1/24/2022,4.2,4.2
1/25/2022,4.24,4.24
1/26/2022,4.43,4.43
1/27/2022,4.43,4.43
1/28/2022,5.69,5.69
1/31/2022,5.56,5.56
2/1/2022,5.45,5.45
2/2/2022,6.7,6.7
2/3/2022,5.84,5.84
2/4/2022,5.34,5.34
2/7/2022,4.44,4.44
2/8/2022,4.3,4.3
2/9/2022,4.13,4.13
2/10/2022,4.03,4.03
2/11/2022,4.04,4.04
2/14/2022,4.05,4.05
2/15/2022,4.31,4.31
2/16/2022,4.39,4.39
2/17/2022,4.57,4.57
2/18/2022,4.61,4.61
2/22/2022,4.48,4.48
2/23/2022,4.59,4.59
2/24/2022,4.78,4.78
2/25/2022,4.63,4.63
2/28/2022,4.46,4.46
3/1/2022,4.36,4.36
3/2/2022,4.65,4.65
3/3/2022,4.63,4.63
3/4/2022,4.74,4.74
3/7/2022,4.93,4.93
3/8/2022,4.61,4.61
3/9/2022,4.55,4.55
3/10/2022,4.65,4.65
3/11/2022,4.79,4.79
3/14/2022,4.59,4.59
3/15/2022,4.46,4.46
3/16/2022,4.68,4.68
3/17/2022,4.8,4.8
3/18/2022,4.87,4.87
3/21/2022,4.77,4.77
3/22/2022,5,5
3/23/2022,5.26,5.26
3/24/2022,5.19,5.19
3/25/2022,5.51,5.51
3/28/2022,5.52,5.52
3/29/2022,5.32,5.32
3/30/2022,5.32,5.32
3/31/2022,5.46,5.46
4/1/2022,5.43,5.43
